GRAND PRIX,DATE,WINNER,CAR,LAPS,TIME
Great Britain,13-May-50,Nino Farina,ALFA ROMEO,70,13:23.6
Monaco,21-May-50,Juan Manuel Fangio,ALFA ROMEO,100,13:18.7
Indianapolis 500,30-May-50,Johnnie Parsons,KURTIS KRAFT OFFENHAUSER,138,46:56.0
Switzerland,04-Jun-50,Nino Farina,ALFA ROMEO,42,02:53.7
Belgium,18-Jun-50,Juan Manuel Fangio,ALFA ROMEO,35,47:26.0
France,02-Jul-50,Juan Manuel Fangio,ALFA ROMEO,64,57:52.8
Italy,03-Sep-50,Nino Farina,ALFA ROMEO,80,51:17.4
Switzerland,27-May-51,Juan Manuel Fangio,ALFA ROMEO,42,07:53.6
Indianapolis 500,30-May-51,Lee Wallard,KURTIS KRAFT OFFENHAUSER,200,57:38.0
Belgium,17-Jun-51,Nino Farina,ALFA ROMEO,36,45:46.2
France,01-Jul-51,Juan Manuel Fangio,ALFA ROMEO,77,22:11.0
France,01-Jul-51,Luigi Fagioli,ALFA ROMEO,null,
Great Britain,14-Jul-51,Jose Froilan Gonzalez,FERRARI,90,42:18.2
Germany,29-Jul-51,Alberto Ascari,FERRARI,20,23:03.3
Italy,16-Sep-51,Alberto Ascari,FERRARI,80,42:39.3
Spain,28-Oct-51,Juan Manuel Fangio,ALFA ROMEO,70,46:54.1
Switzerland,18-May-52,Piero Taruffi,FERRARI,62,01:46.1
Indianapolis 500,30-May-52,Troy Ruttman,KUZMA OFFENHAUSER,200,52:41.9
Belgium,22-Jun-52,Alberto Ascari,FERRARI,36,03:46.3
France,06-Jul-52,Alberto Ascari,FERRARI,77,00:00.0
Great Britain,19-Jul-52,Alberto Ascari,FERRARI,85,44:11.0
Germany,03-Aug-52,Alberto Ascari,FERRARI,18,06:13.3
Netherlands,17-Aug-52,Alberto Ascari,FERRARI,90,53:28.5
Italy,07-Sep-52,Alberto Ascari,FERRARI,80,50:45.6
Argentina,18-Jan-53,Alberto Ascari,FERRARI,97,01:04.6
Indianapolis 500,30-May-53,Bill Vukovich,KURTIS KRAFT OFFENHAUSER,200,53:01.7
Netherlands,07-Jun-53,Alberto Ascari,FERRARI,90,53:35.8
Belgium,21-Jun-53,Alberto Ascari,FERRARI,36,48:30.3
France,05-Jul-53,Mike Hawthorn,FERRARI,60,44:18.6
Great Britain,18-Jul-53,Alberto Ascari,FERRARI,90,50:00.0
Germany,02-Aug-53,Nino Farina,FERRARI,18,02:25.0
Switzerland,23-Aug-53,Alberto Ascari,FERRARI,65,01:34.4
Italy,13-Sep-53,Juan Manuel Fangio,MASERATI,80,49:45.9
Argentina,17-Jan-54,Juan Manuel Fangio,MASERATI,87,00:55.8
Indianapolis 500,31-May-54,Bill Vukovich,KURTIS KRAFT OFFENHAUSER,200,49:17.3
Belgium,20-Jun-54,Juan Manuel Fangio,MASERATI,36,44:42.4
France,04-Jul-54,Juan Manuel Fangio,MERCEDES-BENZ,61,42:47.9
Great Britain,17-Jul-54,Jose Froilan Gonzalez,FERRARI,90,56:14.0
Germany,01-Aug-54,Juan Manuel Fangio,MERCEDES-BENZ,22,45:45.8
Switzerland,22-Aug-54,Juan Manuel Fangio,MERCEDES-BENZ,66,00:34.5
Italy,05-Sep-54,Juan Manuel Fangio,MERCEDES-BENZ,80,47:47.9
Spain,24-Oct-54,Mike Hawthorn,FERRARI,80,13:52.1
Argentina,16-Jan-55,Juan Manuel Fangio,MERCEDES-BENZ,96,00:38.6
Monaco,22-May-55,Maurice Trintignant,FERRARI,100,58:09.7
Indianapolis 500,30-May-55,Bob Sweikert,KURTIS KRAFT OFFENHAUSER,200,53:59.5
Belgium,05-Jun-55,Juan Manuel Fangio,MERCEDES-BENZ,36,39:29.0
Netherlands,19-Jun-55,Juan Manuel Fangio,MERCEDES-BENZ,100,54:23.8
Great Britain,16-Jul-55,Stirling Moss,MERCEDES-BENZ,90,07:21.2
Italy,11-Sep-55,Juan Manuel Fangio,MERCEDES-BENZ,50,25:04.4
Argentina,22-Jan-56,Luigi Musso,FERRARI,98,00:03.7
Argentina,22-Jan-56,Juan Manuel Fangio,FERRARI,98,00:03.7
Monaco,13-May-56,Stirling Moss,MASERATI,100,00:32.9
Indianapolis 500,30-May-56,Pat Flaherty,WATSON OFFENHAUSER,200,53:28.8
Belgium,03-Jun-56,Peter Collins,FERRARI,36,40:00.3
France,01-Jul-56,Peter Collins,FERRARI,61,34:23.4
Great Britain,14-Jul-56,Juan Manuel Fangio,FERRARI,101,59:47.0
Germany,05-Aug-56,Juan Manuel Fangio,FERRARI,22,38:43.7
Italy,02-Sep-56,Stirling Moss,MASERATI,50,23:41.3
Argentina,13-Jan-57,Juan Manuel Fangio,MASERATI,100,00:55.9
Monaco,19-May-57,Juan Manuel Fangio,MASERATI,105,10:12.8
Indianapolis 500,30-May-57,Sam Hanks,EPPERLY OFFENHAUSER,200,41:14.3
France,07-Jul-57,Juan Manuel Fangio,MASERATI,77,07:46.4
Great Britain,20-Jul-57,Stirling Moss,VANWALL,90,06:37.8
Great Britain,20-Jul-57,Tony Brooks,VANWALL,90,06:37.8
Germany,04-Aug-57,Juan Manuel Fangio,MASERATI,22,30:38.3
Pescara,18-Aug-57,Stirling Moss,VANWALL,18,59:22.7
Italy,08-Sep-57,Stirling Moss,VANWALL,87,35:03.9
Argentina,19-Jan-58,Stirling Moss,COOPER CLIMAX,80,19:33.7
Monaco,18-May-58,Maurice Trintignant,COOPER CLIMAX,100,52:27.9
Netherlands,26-May-58,Stirling Moss,VANWALL,75,04:49.2
Indianapolis 500,30-May-58,Jimmy Bryan,EPPERLY OFFENHAUSER,200,44:13.8
Belgium,15-Jun-58,Tony Brooks,VANWALL,24,37:06.3
France,06-Jul-58,Mike Hawthorn,FERRARI,50,03:21.3
Great Britain,19-Jul-58,Peter Collins,FERRARI,75,09:04.2
Germany,03-Aug-58,Tony Brooks,VANWALL,15,21:15.0
Portugal,24-Aug-58,Stirling Moss,VANWALL,50,11:27.8
Italy,07-Sep-58,Tony Brooks,VANWALL,70,03:47.8
Morocco,19-Oct-58,Stirling Moss,VANWALL,53,09:15.1
Monaco,10-May-59,Jack Brabham,COOPER CLIMAX,100,55:51.3
Indianapolis 500,30-May-59,Rodger Ward,WATSON OFFENHAUSER,200,40:49.2
Netherlands,31-May-59,Jo Bonnier,BRM,75,05:26.8
France,05-Jul-59,Tony Brooks,FERRARI,50,01:26.5
Great Britain,18-Jul-59,Jack Brabham,COOPER CLIMAX,75,30:11.6
Germany,02-Aug-59,Tony Brooks,FERRARI,60,09:31.6
Portugal,23-Aug-59,Stirling Moss,COOPER CLIMAX,62,11:55.4
Italy,13-Sep-59,Stirling Moss,COOPER CLIMAX,72,04:05.4
United States,12-Dec-59,Bruce McLaren,COOPER CLIMAX,42,12:35.7
Argentina,07-Feb-60,Bruce McLaren,COOPER CLIMAX,80,17:49.5
Monaco,29-May-60,Stirling Moss,LOTUS CLIMAX,100,53:45.5
Indianapolis 500,30-May-60,Jim Rathmann,WATSON OFFENHAUSER,200,36:11.4
Netherlands,06-Jun-60,Jack Brabham,COOPER CLIMAX,75,01:47.2
Belgium,19-Jun-60,Jack Brabham,COOPER CLIMAX,36,21:37.3
France,03-Jul-60,Jack Brabham,COOPER CLIMAX,50,57:24.9
Great Britain,16-Jul-60,Jack Brabham,COOPER CLIMAX,77,04:24.6
Portugal,14-Aug-60,Jack Brabham,COOPER CLIMAX,55,19:00.0
Italy,04-Sep-60,Phil Hill,FERRARI,50,21:09.2
United States,20-Nov-60,Stirling Moss,LOTUS CLIMAX,75,28:52.2
Monaco,14-May-61,Stirling Moss,LOTUS CLIMAX,100,45:50.1
Netherlands,22-May-61,Wolfgang von Trips,FERRARI,75,01:52.1
Belgium,18-Jun-61,Phil Hill,FERRARI,30,03:03.8
France,02-Jul-61,Giancarlo Baghetti,FERRARI,52,14:17.5
Great Britain,15-Jul-61,Wolfgang von Trips,FERRARI,75,40:53.6
Germany,06-Aug-61,Stirling Moss,LOTUS CLIMAX,15,18:12.4
Italy,10-Sep-61,Phil Hill,FERRARI,43,03:13.0
United States,08-Oct-61,Innes Ireland,LOTUS CLIMAX,100,13:45.8
Netherlands,20-May-62,Graham Hill,BRM,80,11:02.1
Monaco,03-Jun-62,Bruce McLaren,COOPER CLIMAX,100,46:29.7
Belgium,17-Jun-62,Jim Clark,LOTUS CLIMAX,32,07:32.3
France,08-Jul-62,Dan Gurney,PORSCHE,54,07:35.5
Great Britain,21-Jul-62,Jim Clark,LOTUS CLIMAX,75,26:20.8
Germany,05-Aug-62,Graham Hill,BRM,15,38:45.3
Italy,16-Sep-62,Graham Hill,BRM,86,29:08.4
United States,07-Oct-62,Jim Clark,LOTUS CLIMAX,100,07:13.0
South Africa,29-Dec-62,Graham Hill,BRM,82,08:03.3
Monaco,26-May-63,Graham Hill,BRM,100,41:49.7
Belgium,09-Jun-63,Jim Clark,LOTUS CLIMAX,32,27:47.6
Netherlands,23-Jun-63,Jim Clark,LOTUS CLIMAX,80,08:13.7
France,30-Jun-63,Jim Clark,LOTUS CLIMAX,53,10:54.3
Great Britain,20-Jul-63,Jim Clark,LOTUS CLIMAX,82,14:09.6
Germany,04-Aug-63,John Surtees,FERRARI,15,13:06.8
Italy,08-Sep-63,Jim Clark,LOTUS CLIMAX,86,24:19.6
United States,06-Oct-63,Graham Hill,BRM,110,19:22.1
Mexico,27-Oct-63,Jim Clark,LOTUS CLIMAX,65,09:52.1
South Africa,28-Dec-63,Jim Clark,LOTUS CLIMAX,85,10:36.9
Monaco,10-May-64,Graham Hill,BRM,100,41:19.5
Netherlands,24-May-64,Jim Clark,LOTUS CLIMAX,80,07:35.4
Belgium,14-Jun-64,Jim Clark,LOTUS CLIMAX,32,06:40.5
France,28-Jun-64,Dan Gurney,BRABHAM CLIMAX,57,07:49.1
Great Britain,11-Jul-64,Jim Clark,LOTUS CLIMAX,80,15:07.0
Germany,02-Aug-64,John Surtees,FERRARI,15,12:04.8
Austria,23-Aug-64,Lorenzo Bandini,FERRARI,105,06:18.2
Italy,06-Sep-64,John Surtees,FERRARI,78,10:51.8
United States,04-Oct-64,Graham Hill,BRM,110,16:38.0
Mexico,25-Oct-64,Dan Gurney,BRABHAM CLIMAX,65,09:50.3
South Africa,01-Jan-65,Jim Clark,LOTUS CLIMAX,85,06:46.0
Monaco,30-May-65,Graham Hill,BRM,100,37:39.6
Belgium,13-Jun-65,Jim Clark,LOTUS CLIMAX,32,23:34.8
France,27-Jun-65,Jim Clark,LOTUS CLIMAX,40,14:38.4
Great Britain,10-Jul-65,Jim Clark,LOTUS CLIMAX,80,05:25.4
Netherlands,18-Jul-65,Jim Clark,LOTUS CLIMAX,80,03:59.1
Germany,01-Aug-65,Jim Clark,LOTUS CLIMAX,15,07:52.4
Italy,12-Sep-65,Jackie Stewart,BRM,76,04:52.8
United States,03-Oct-65,Graham Hill,BRM,110,20:36.1
Mexico,24-Oct-65,Richie Ginther,HONDA,65,08:32.1
Monaco,22-May-66,Jackie Stewart,BRM,100,33:10.5
Belgium,12-Jun-66,John Surtees,FERRARI,28,09:11.3
France,03-Jul-66,Jack Brabham,BRABHAM REPCO,48,48:31.3
Great Britain,16-Jul-66,Jack Brabham,BRABHAM REPCO,80,13:13.4
Netherlands,24-Jul-66,Jack Brabham,BRABHAM REPCO,90,20:32.5
Germany,07-Aug-66,Jack Brabham,BRABHAM REPCO,15,27:03.0
Italy,04-Sep-66,Ludovico Scarfiotti,FERRARI,68,47:14.8
United States,02-Oct-66,Jim Clark,LOTUS BRM,108,09:40.1
Mexico,23-Oct-66,John Surtees,COOPER MASERATI,65,06:35.3
South Africa,02-Jan-67,Pedro Rodriguez,COOPER MASERATI,80,05:45.9
Monaco,07-May-67,Denny Hulme,BRABHAM REPCO,100,34:34.3
Netherlands,04-Jun-67,Jim Clark,LOTUS FORD,90,14:45.1
Belgium,18-Jun-67,Dan Gurney,EAGLE WESLAKE,28,40:49.4
France,02-Jul-67,Jack Brabham,BRABHAM REPCO,80,13:21.3
Great Britain,15-Jul-67,Jim Clark,LOTUS FORD,80,59:25.6
Germany,06-Aug-67,Denny Hulme,BRABHAM REPCO,15,05:55.7
Canada,27-Aug-67,Jack Brabham,BRABHAM REPCO,90,40:40.0
Italy,10-Sep-67,John Surtees,HONDA,68,43:45.0
United States,01-Oct-67,Jim Clark,LOTUS FORD,108,03:13.2
Mexico,22-Oct-67,Jim Clark,LOTUS FORD,65,59:28.7
South Africa,01-Jan-68,Jim Clark,LOTUS FORD,80,53:56.6
Spain,12-May-68,Graham Hill,LOTUS FORD,90,15:20.1
Monaco,26-May-68,Graham Hill,LOTUS FORD,80,00:32.3
Belgium,09-Jun-68,Bruce McLaren,MCLAREN FORD,28,40:02.1
Netherlands,23-Jun-68,Jackie Stewart,MATRA FORD,90,46:11.3
France,07-Jul-68,Jacky Ickx,FERRARI,60,25:40.9
Great Britain,20-Jul-68,Jo Siffert,LOTUS FORD,80,01:20.3
Germany,04-Aug-68,Jackie Stewart,MATRA FORD,14,19:03.2
Italy,08-Sep-68,Denny Hulme,MCLAREN FORD,68,40:14.8
Canada,22-Sep-68,Denny Hulme,MCLAREN FORD,90,27:11.2
United States,06-Oct-68,Jackie Stewart,MATRA FORD,108,59:20.3
Mexico,03-Nov-68,Graham Hill,LOTUS FORD,65,56:44.0
South Africa,01-Mar-69,Jackie Stewart,MATRA FORD,80,50:39.1
Spain,04-May-69,Jackie Stewart,MATRA FORD,90,16:54.0
Monaco,18-May-69,Graham Hill,LOTUS FORD,80,56:59.4
Netherlands,21-Jun-69,Jackie Stewart,MATRA FORD,90,06:42.1
France,06-Jul-69,Jackie Stewart,MATRA FORD,38,56:47.4
Great Britain,19-Jul-69,Jackie Stewart,MATRA FORD,84,55:55.6
Germany,03-Aug-69,Jacky Ickx,BRABHAM FORD,14,49:55.4
Italy,07-Sep-69,Jackie Stewart,MATRA FORD,68,39:11.3
Canada,20-Sep-69,Jacky Ickx,BRABHAM FORD,90,59:25.7
United States,05-Oct-69,Jochen Rindt,LOTUS FORD,108,57:56.8
Mexico,19-Oct-69,Denny Hulme,MCLAREN FORD,65,54:08.8
South Africa,07-Mar-70,Jack Brabham,BRABHAM FORD,80,49:34.6
Spain,19-Apr-70,Jackie Stewart,MARCH FORD,90,10:58.2
Monaco,10-May-70,Jochen Rindt,LOTUS FORD,80,54:36.6
Belgium,07-Jun-70,Pedro Rodriguez,BRM,28,38:09.9
Netherlands,21-Jun-70,Jochen Rindt,LOTUS FORD,80,50:43.4
France,05-Jul-70,Jochen Rindt,LOTUS FORD,38,55:57.0
Great Britain,18-Jul-70,Jochen Rindt,LOTUS FORD,80,57:02.0
Germany,02-Aug-70,Jochen Rindt,LOTUS FORD,50,42:00.3
Austria,16-Aug-70,Jacky Ickx,FERRARI,60,42:17.3
Italy,06-Sep-70,Clay Regazzoni,FERRARI,68,39:06.9
Canada,20-Sep-70,Jacky Ickx,FERRARI,90,21:18.4
United States,04-Oct-70,Emerson Fittipaldi,LOTUS FORD,108,57:32.8
Mexico,25-Oct-70,Jacky Ickx,FERRARI,65,53:28.4
South Africa,06-Mar-71,Mario Andretti,FERRARI,79,47:35.5
Spain,18-Apr-71,Jackie Stewart,TYRRELL FORD,75,49:03.4
Monaco,23-May-71,Jackie Stewart,TYRRELL FORD,80,52:21.3
Netherlands,20-Jun-71,Jacky Ickx,FERRARI,70,56:20.1
France,04-Jul-71,Jackie Stewart,TYRRELL FORD,55,46:41.7
Great Britain,17-Jul-71,Jackie Stewart,TYRRELL FORD,68,31:31.5
Germany,01-Aug-71,Jackie Stewart,TYRRELL FORD,12,29:15.7
Austria,15-Aug-71,Jo Siffert,BRM,54,30:23.9
Italy,05-Sep-71,Peter Gethin,BRM,55,18:12.6
Canada,19-Sep-71,Jackie Stewart,TYRRELL FORD,64,55:12.9
United States,03-Oct-71,Francois Cevert,TYRRELL FORD,59,43:52.0
Argentina,23-Jan-72,Jackie Stewart,TYRRELL FORD,95,57:58.8
South Africa,04-Mar-72,Denny Hulme,MCLAREN FORD,79,45:49.1
Spain,01-May-72,Emerson Fittipaldi,LOTUS FORD,90,03:41.2
Monaco,14-May-72,Jean-Pierre Beltoise,BRM,80,26:54.7
Belgium,04-Jun-72,Emerson Fittipaldi,LOTUS FORD,85,44:06.7
France,02-Jul-72,Jackie Stewart,TYRRELL FORD,38,52:21.5
Great Britain,15-Jul-72,Emerson Fittipaldi,LOTUS FORD,76,47:50.2
Germany,30-Jul-72,Jacky Ickx,FERRARI,14,42:12.3
Austria,13-Aug-72,Emerson Fittipaldi,LOTUS FORD,54,29:16.7
Italy,10-Sep-72,Emerson Fittipaldi,LOTUS FORD,55,29:58.4
Canada,24-Sep-72,Jackie Stewart,TYRRELL FORD,80,43:16.9
United States,08-Oct-72,Jackie Stewart,TYRRELL FORD,59,41:45.4
Argentina,28-Jan-73,Emerson Fittipaldi,LOTUS FORD,96,56:18.2
Brazil,11-Feb-73,Emerson Fittipaldi,LOTUS FORD,40,43:55.6
South Africa,03-Mar-73,Jackie Stewart,TYRRELL FORD,79,43:11.1
Spain,29-Apr-73,Emerson Fittipaldi,LOTUS FORD,75,48:18.7
Belgium,20-May-73,Jackie Stewart,TYRRELL FORD,70,42:13.4
Monaco,03-Jun-73,Jackie Stewart,TYRRELL FORD,78,57:44.3
Sweden,17-Jun-73,Denny Hulme,MCLAREN FORD,80,56:46.0
France,01-Jul-73,Ronnie Peterson,LOTUS FORD,54,41:36.5
Great Britain,14-Jul-73,Peter Revson,MCLAREN FORD,67,29:18.5
Netherlands,29-Jul-73,Jackie Stewart,TYRRELL FORD,72,39:12.5
Germany,05-Aug-73,Jackie Stewart,TYRRELL FORD,14,42:03.0
Austria,19-Aug-73,Ronnie Peterson,LOTUS FORD,54,28:48.8
Italy,09-Sep-73,Ronnie Peterson,LOTUS FORD,55,29:17.0
Canada,23-Sep-73,Peter Revson,MCLAREN FORD,80,59:04.1
United States,07-Oct-73,Ronnie Peterson,LOTUS FORD,59,41:15.8
Argentina,13-Jan-74,Denny Hulme,MCLAREN FORD,53,41:02.0
Brazil,27-Jan-74,Emerson Fittipaldi,MCLAREN FORD,32,24:37.1
South Africa,30-Mar-74,Carlos Reutemann,BRABHAM FORD,78,42:41.0
Spain,28-Apr-74,Niki Lauda,FERRARI,84,00:29.6
Belgium,12-May-74,Emerson Fittipaldi,MCLAREN FORD,85,44:20.6
Monaco,26-May-74,Ronnie Peterson,LOTUS FORD,78,58:03.7
Sweden,09-Jun-74,Jody Scheckter,TYRRELL FORD,80,58:31.4
Netherlands,23-Jun-74,Niki Lauda,FERRARI,75,43:00.4
France,07-Jul-74,Ronnie Peterson,LOTUS FORD,80,21:55.0
Great Britain,20-Jul-74,Jody Scheckter,TYRRELL FORD,75,43:02.2
Germany,04-Aug-74,Clay Regazzoni,FERRARI,14,41:35.0
Austria,18-Aug-74,Carlos Reutemann,BRABHAM FORD,54,28:44.7
Italy,08-Sep-74,Ronnie Peterson,LOTUS FORD,52,22:56.6
Canada,22-Sep-74,Emerson Fittipaldi,MCLAREN FORD,80,40:26.1
United States,06-Oct-74,Carlos Reutemann,BRABHAM FORD,59,40:21.4
Argentina,12-Jan-75,Emerson Fittipaldi,MCLAREN FORD,53,39:26.3
Brazil,26-Jan-75,Carlos Pace,BRABHAM FORD,40,44:41.2
South Africa,01-Mar-75,Jody Scheckter,TYRRELL FORD,78,43:16.9
Spain,27-Apr-75,Jochen Mass,MCLAREN FORD,29,42:53.7
Monaco,11-May-75,Niki Lauda,FERRARI,75,01:21.3
Belgium,25-May-75,Niki Lauda,FERRARI,70,43:54.0
Sweden,08-Jun-75,Niki Lauda,FERRARI,80,59:18.3
Netherlands,22-Jun-75,James Hunt,HESKETH FORD,75,46:57.4
France,06-Jul-75,Niki Lauda,FERRARI,54,40:18.8
Great Britain,19-Jul-75,Emerson Fittipaldi,MCLAREN FORD,56,22:05.0
Germany,03-Aug-75,Carlos Reutemann,BRABHAM FORD,14,41:14.1
Austria,17-Aug-75,Vittorio Brambilla,MARCH FORD,29,57:56.7
Italy,07-Sep-75,Clay Regazzoni,FERRARI,52,22:42.6
United States,05-Oct-75,Niki Lauda,FERRARI,59,42:58.2
Brazil,25-Jan-76,Niki Lauda,FERRARI,40,45:16.8
South Africa,06-Mar-76,Niki Lauda,FERRARI,78,42:18.4
USA West,28-Mar-76,Clay Regazzoni,FERRARI,80,53:18.5
Spain,02-May-76,James Hunt,MCLAREN FORD,75,42:20.4
Belgium,16-May-76,Niki Lauda,FERRARI,70,42:53.2
Monaco,30-May-76,Niki Lauda,FERRARI,78,59:51.5
Sweden,13-Jun-76,Jody Scheckter,TYRRELL FORD,72,46:53.7
France,04-Jul-76,James Hunt,MCLAREN FORD,54,40:58.6
Great Britain,18-Jul-76,Niki Lauda,FERRARI,76,44:19.7
Germany,01-Aug-76,James Hunt,MCLAREN FORD,14,41:42.7
Austria,15-Aug-76,John Watson,PENSKE FORD,54,30:07.9
Netherlands,29-Aug-76,James Hunt,MCLAREN FORD,75,44:52.1
Italy,12-Sep-76,Ronnie Peterson,MARCH FORD,52,30:35.6
Canada,03-Oct-76,James Hunt,MCLAREN FORD,80,40:09.6
USA East,10-Oct-76,James Hunt,MCLAREN FORD,59,42:40.7
Japan,24-Oct-76,Mario Andretti,LOTUS FORD,73,43:58.9
Argentina,09-Jan-77,Jody Scheckter,WOLF FORD,53,40:11.2
Brazil,23-Jan-77,Carlos Reutemann,FERRARI,40,45:07.7
South Africa,05-Mar-77,Niki Lauda,FERRARI,78,42:21.6
USA West,03-Apr-77,Mario Andretti,LOTUS FORD,80,51:35.5
Spain,08-May-77,Mario Andretti,LOTUS FORD,75,42:52.2
Monaco,22-May-77,Jody Scheckter,WOLF FORD,76,57:52.8
Belgium,05-Jun-77,Gunnar Nilsson,LOTUS FORD,70,55:05.7
Sweden,19-Jun-77,Jacques Laffite,LIGIER MATRA,72,46:55.5
France,03-Jul-77,Mario Andretti,LOTUS FORD,80,39:40.1
Great Britain,16-Jul-77,James Hunt,MCLAREN FORD,68,31:46.1
Germany,31-Jul-77,Niki Lauda,FERRARI,47,31:48.6
Austria,14-Aug-77,Alan Jones,SHADOW FORD,54,37:16.5
Netherlands,28-Aug-77,Niki Lauda,FERRARI,75,41:45.9
Italy,11-Sep-77,Mario Andretti,LOTUS FORD,52,27:50.3
USA East,02-Oct-77,James Hunt,MCLAREN FORD,59,58:23.3
Canada,09-Oct-77,Jody Scheckter,WOLF FORD,80,40:00.0
Japan,23-Oct-77,James Hunt,MCLAREN FORD,73,31:51.7
Argentina,15-Jan-78,Mario Andretti,LOTUS FORD,52,37:04.5
Brazil,29-Jan-78,Carlos Reutemann,FERRARI,63,49:59.9
South Africa,04-Mar-78,Ronnie Peterson,LOTUS FORD,78,42:15.8
USA West,02-Apr-78,Carlos Reutemann,FERRARI,80,52:01.3
Monaco,07-May-78,Patrick Depailler,TYRRELL FORD,75,55:14.7
Belgium,21-May-78,Mario Andretti,LOTUS FORD,70,39:52.0
Spain,04-Jun-78,Mario Andretti,LOTUS FORD,75,41:47.1
Sweden,17-Jun-78,Niki Lauda,BRABHAM ALFA ROMEO,70,41:00.6
France,02-Jul-78,Mario Andretti,LOTUS FORD,54,38:51.9
Great Britain,16-Jul-78,Carlos Reutemann,FERRARI,76,42:12.4
Germany,30-Jul-78,Mario Andretti,LOTUS FORD,45,28:00.9
Austria,13-Aug-78,Ronnie Peterson,LOTUS FORD,54,41:21.6
Netherlands,27-Aug-78,Mario Andretti,LOTUS FORD,75,41:04.2
Italy,10-Sep-78,Niki Lauda,BRABHAM ALFA ROMEO,40,07:04.5
USA East,01-Oct-78,Carlos Reutemann,FERRARI,59,40:48.8
Canada,08-Oct-78,Gilles Villeneuve,FERRARI,70,57:49.2
Argentina,21-Jan-79,Jacques Laffite,LIGIER FORD,53,36:03.2
Brazil,04-Feb-79,Jacques Laffite,LIGIER FORD,40,40:09.6
South Africa,03-Mar-79,Gilles Villeneuve,FERRARI,78,41:50.0
USA West,08-Apr-79,Gilles Villeneuve,FERRARI,80,50:25.4
Spain,29-Apr-79,Patrick Depailler,LIGIER FORD,75,39:11.8
Belgium,13-May-79,Jody Scheckter,FERRARI,70,39:59.5
Monaco,27-May-79,Jody Scheckter,FERRARI,76,55:22.5
France,01-Jul-79,Jean-Pierre Jabouille,RENAULT,80,35:20.4
Great Britain,14-Jul-79,Clay Regazzoni,WILLIAMS FORD,68,26:11.2
Germany,29-Jul-79,Alan Jones,WILLIAMS FORD,45,24:48.8
Austria,12-Aug-79,Alan Jones,WILLIAMS FORD,54,27:38.0
Netherlands,26-Aug-79,Alan Jones,WILLIAMS FORD,75,41:19.8
Italy,09-Sep-79,Jody Scheckter,FERRARI,50,22:00.2
Canada,30-Sep-79,Alan Jones,WILLIAMS FORD,72,52:06.9
USA East,07-Oct-79,Gilles Villeneuve,FERRARI,59,52:17.7
Argentina,13-Jan-80,Alan Jones,WILLIAMS FORD,53,43:24.4
Brazil,27-Jan-80,Rene Arnoux,RENAULT,40,40:01.3
South Africa,01-Mar-80,Rene Arnoux,RENAULT,78,36:52.5
USA West,30-Mar-80,Nelson Piquet,BRABHAM FORD,80,50:18.6
Belgium,04-May-80,Didier Pironi,LIGIER FORD,72,38:46.5
Monaco,18-May-80,Carlos Reutemann,WILLIAMS FORD,76,55:34.4
France,29-Jun-80,Alan Jones,WILLIAMS FORD,54,32:43.4
Great Britain,13-Jul-80,Alan Jones,WILLIAMS FORD,76,34:49.2
Germany,10-Aug-80,Jacques Laffite,LIGIER FORD,45,22:59.7
Austria,17-Aug-80,Jean-Pierre Jabouille,RENAULT,54,26:15.7
Netherlands,31-Aug-80,Nelson Piquet,BRABHAM FORD,72,38:13.8
Italy,14-Sep-80,Nelson Piquet,BRABHAM FORD,60,38:07.5
Canada,28-Sep-80,Alan Jones,WILLIAMS FORD,70,46:45.5
USA East,05-Oct-80,Alan Jones,WILLIAMS FORD,59,34:36.0
USA West,15-Mar-81,Alan Jones,WILLIAMS FORD,80,50:41.3
Brazil,29-Mar-81,Carlos Reutemann,WILLIAMS FORD,62,00:23.7
Argentina,12-Apr-81,Nelson Piquet,BRABHAM FORD,53,34:32.7
San Marino,03-May-81,Nelson Piquet,BRABHAM FORD,60,51:24.0
Belgium,17-May-81,Carlos Reutemann,WILLIAMS FORD,54,16:31.6
Monaco,31-May-81,Gilles Villeneuve,FERRARI,76,54:23.4
Spain,21-Jun-81,Gilles Villeneuve,FERRARI,80,46:35.0
France,05-Jul-81,Alain Prost,RENAULT,80,35:48.1
Great Britain,18-Jul-81,John Watson,MCLAREN FORD,68,26:54.8
Germany,02-Aug-81,Nelson Piquet,BRABHAM FORD,45,25:55.6
Austria,16-Aug-81,Jacques Laffite,LIGIER MATRA,53,27:36.5
Netherlands,30-Aug-81,Alain Prost,RENAULT,72,40:22.4
Italy,13-Sep-81,Alain Prost,RENAULT,52,26:33.9
Canada,27-Sep-81,Jacques Laffite,LIGIER MATRA,63,01:25.2
Las Vegas,17-Oct-81,Alan Jones,WILLIAMS FORD,75,44:09.1
South Africa,23-Jan-82,Alain Prost,RENAULT,77,32:08.4
Brazil,21-Mar-82,Alain Prost,RENAULT,63,44:33.1
USA West,04-Apr-82,Niki Lauda,MCLAREN FORD,75,58:25.3
San Marino,25-Apr-82,Didier Pironi,FERRARI,60,36:38.9
Belgium,09-May-82,John Watson,MCLAREN FORD,70,35:42.0
Monaco,23-May-82,Riccardo Patrese,BRABHAM FORD,76,54:11.3
Detroit,06-Jun-82,John Watson,MCLAREN FORD,62,58:41.0
Canada,13-Jun-82,Nelson Piquet,BRABHAM BMW,70,46:39.6
Netherlands,03-Jul-82,Didier Pironi,FERRARI,72,38:03.3
Great Britain,18-Jul-82,Niki Lauda,MCLAREN FORD,76,35:33.8
France,25-Jul-82,Rene Arnoux,RENAULT,54,33:33.2
Germany,08-Aug-82,Patrick Tambay,FERRARI,45,27:25.2
Austria,15-Aug-82,Elio de Angelis,LOTUS FORD,53,25:02.2
Switzerland,29-Aug-82,Keke Rosberg,WILLIAMS FORD,80,32:41.1
Italy,12-Sep-82,Rene Arnoux,RENAULT,52,22:25.7
Las Vegas,25-Sep-82,Michele Alboreto,TYRRELL FORD,75,41:56.9
Brazil,13-Mar-83,Nelson Piquet,BRABHAM BMW,63,48:27.7
USA West,27-Mar-83,John Watson,MCLAREN FORD,75,53:34.9
France,17-Apr-83,Alain Prost,RENAULT,54,34:13.9
San Marino,01-May-83,Patrick Tambay,FERRARI,60,37:52.5
Monaco,15-May-83,Keke Rosberg,WILLIAMS FORD,76,56:38.1
Belgium,22-May-83,Alain Prost,RENAULT,40,27:11.5
Detroit,05-Jun-83,Michele Alboreto,TYRRELL FORD,60,50:53.7
Canada,12-Jun-83,Rene Arnoux,FERRARI,70,48:31.8
Great Britain,16-Jul-83,Alain Prost,RENAULT,67,24:39.8
Germany,07-Aug-83,Rene Arnoux,FERRARI,45,27:10.3
Austria,14-Aug-83,Alain Prost,RENAULT,53,24:32.7
Netherlands,28-Aug-83,Rene Arnoux,FERRARI,72,38:42.0
Italy,11-Sep-83,Nelson Piquet,BRABHAM BMW,52,23:10.9
Europe,25-Sep-83,Nelson Piquet,BRABHAM BMW,76,36:45.9
South Africa,15-Oct-83,Riccardo Patrese,BRABHAM BMW,77,33:25.7
Brazil,25-Mar-84,Alain Prost,MCLAREN TAG,61,42:34.5
South Africa,07-Apr-84,Niki Lauda,MCLAREN TAG,75,29:23.4
Belgium,29-Apr-84,Michele Alboreto,FERRARI,70,36:32.0
San Marino,06-May-84,Alain Prost,MCLAREN TAG,60,36:53.7
France,20-May-84,Niki Lauda,MCLAREN TAG,79,31:12.0
Monaco,03-Jun-84,Alain Prost,MCLAREN TAG,31,01:07.7
Canada,17-Jun-84,Nelson Piquet,BRABHAM BMW,70,46:23.7
Detroit,24-Jun-84,Nelson Piquet,BRABHAM BMW,63,55:41.8
Dallas,08-Jul-84,Keke Rosberg,WILLIAMS HONDA,67,01:22.6
Great Britain,22-Jul-84,Niki Lauda,MCLAREN TAG,71,29:28.5
Germany,05-Aug-84,Alain Prost,MCLAREN TAG,44,24:43.2
Austria,19-Aug-84,Niki Lauda,MCLAREN TAG,51,21:12.9
Netherlands,26-Aug-84,Alain Prost,MCLAREN TAG,71,37:21.5
Italy,09-Sep-84,Niki Lauda,MCLAREN TAG,51,20:29.1
Europe,07-Oct-84,Alain Prost,MCLAREN TAG,67,35:13.3
Portugal,21-Oct-84,Alain Prost,MCLAREN TAG,70,41:11.8
Brazil,07-Apr-85,Alain Prost,MCLAREN TAG,61,41:26.1
Portugal,21-Apr-85,Ayrton Senna,LOTUS RENAULT,67,00:28.0
San Marino,05-May-85,Elio de Angelis,LOTUS RENAULT,60,34:36.0
Monaco,19-May-85,Alain Prost,MCLAREN TAG,78,51:58.0
Canada,16-Jun-85,Michele Alboreto,FERRARI,70,46:01.8
Detroit,23-Jun-85,Keke Rosberg,WILLIAMS HONDA,63,55:39.9
France,07-Jul-85,Nelson Piquet,BRABHAM BMW,53,31:46.3
Great Britain,21-Jul-85,Alain Prost,MCLAREN TAG,65,18:10.4
Germany,04-Aug-85,Michele Alboreto,FERRARI,67,35:31.3
Austria,18-Aug-85,Alain Prost,MCLAREN TAG,52,20:12.6
Netherlands,25-Aug-85,Niki Lauda,MCLAREN TAG,70,32:29.3
Italy,08-Sep-85,Alain Prost,MCLAREN TAG,51,17:59.5
Belgium,15-Sep-85,Ayrton Senna,LOTUS RENAULT,43,34:19.9
Europe,06-Oct-85,Nigel Mansell,WILLIAMS HONDA,75,32:58.1
South Africa,19-Oct-85,Nigel Mansell,WILLIAMS HONDA,75,28:22.9
Australia,03-Nov-85,Keke Rosberg,WILLIAMS HONDA,82,00:40.5
Brazil,23-Mar-86,Nelson Piquet,WILLIAMS HONDA,61,39:32.6
Spain,13-Apr-86,Ayrton Senna,LOTUS RENAULT,72,48:47.7
San Marino,27-Apr-86,Alain Prost,MCLAREN TAG,60,32:28.4
Monaco,11-May-86,Alain Prost,MCLAREN TAG,78,55:41.1
Belgium,25-May-86,Nigel Mansell,WILLIAMS HONDA,43,27:57.9
Canada,15-Jun-86,Nigel Mansell,WILLIAMS HONDA,69,42:26.4
Detroit,22-Jun-86,Ayrton Senna,LOTUS RENAULT,63,51:12.8
France,06-Jul-86,Nigel Mansell,WILLIAMS HONDA,80,37:19.3
Great Britain,13-Jul-86,Nigel Mansell,WILLIAMS HONDA,75,30:38.5
Germany,27-Jul-86,Nelson Piquet,WILLIAMS HONDA,44,22:08.3
Hungary,10-Aug-86,Nelson Piquet,WILLIAMS HONDA,76,00:34.5
Austria,17-Aug-86,Alain Prost,MCLAREN TAG,52,21:22.5
Italy,07-Sep-86,Nelson Piquet,WILLIAMS HONDA,51,17:42.9
Portugal,21-Sep-86,Nigel Mansell,WILLIAMS HONDA,70,37:21.9
Mexico,12-Oct-86,Gerhard Berger,BENETTON BMW,68,33:18.7
Australia,26-Oct-86,Alain Prost,MCLAREN TAG,82,54:20.4
Brazil,12-Apr-87,Alain Prost,MCLAREN TAG,61,39:45.1
San Marino,03-May-87,Nigel Mansell,WILLIAMS HONDA,59,31:24.1
Belgium,17-May-87,Alain Prost,MCLAREN TAG,43,27:03.2
Monaco,31-May-87,Ayrton Senna,LOTUS HONDA,78,57:54.1
Detroit,21-Jun-87,Ayrton Senna,LOTUS HONDA,63,50:16.4
France,05-Jul-87,Nigel Mansell,WILLIAMS HONDA,80,37:03.8
Great Britain,12-Jul-87,Nigel Mansell,WILLIAMS HONDA,65,19:11.8
Germany,26-Jul-87,Nelson Piquet,WILLIAMS HONDA,44,21:25.1
Hungary,09-Aug-87,Nelson Piquet,WILLIAMS HONDA,76,59:26.8
Austria,16-Aug-87,Nigel Mansell,WILLIAMS HONDA,52,18:44.9
Italy,06-Sep-87,Nelson Piquet,WILLIAMS HONDA,50,14:47.7
Portugal,20-Sep-87,Alain Prost,MCLAREN TAG,70,37:03.9
Spain,27-Sep-87,Nigel Mansell,WILLIAMS HONDA,72,49:12.7
Mexico,18-Oct-87,Nigel Mansell,WILLIAMS HONDA,63,26:24.2
Japan,01-Nov-87,Gerhard Berger,FERRARI,51,32:58.1
Australia,15-Nov-87,Gerhard Berger,FERRARI,82,52:56.1
Brazil,03-Apr-88,Alain Prost,MCLAREN HONDA,60,36:06.9
San Marino,01-May-88,Ayrton Senna,MCLAREN HONDA,60,32:41.3
Monaco,15-May-88,Alain Prost,MCLAREN HONDA,78,57:17.1
Mexico,29-May-88,Alain Prost,MCLAREN HONDA,67,30:15.7
Canada,12-Jun-88,Ayrton Senna,MCLAREN HONDA,69,39:46.6
Detroit,19-Jun-88,Ayrton Senna,MCLAREN HONDA,63,54:56.0
France,03-Jul-88,Alain Prost,MCLAREN HONDA,80,37:37.3
Great Britain,10-Jul-88,Ayrton Senna,MCLAREN HONDA,65,33:16.4
Germany,24-Jul-88,Ayrton Senna,MCLAREN HONDA,44,32:54.2
Hungary,07-Aug-88,Ayrton Senna,MCLAREN HONDA,76,57:47.1
Belgium,28-Aug-88,Ayrton Senna,MCLAREN HONDA,43,28:00.5
Italy,11-Sep-88,Gerhard Berger,FERRARI,51,17:39.7
Portugal,25-Sep-88,Alain Prost,MCLAREN HONDA,70,37:41.0
Spain,02-Oct-88,Alain Prost,MCLAREN HONDA,72,48:43.9
Japan,30-Oct-88,Ayrton Senna,MCLAREN HONDA,51,33:26.2
Australia,13-Nov-88,Alain Prost,MCLAREN HONDA,82,53:14.7
Brazil,26-Mar-89,Nigel Mansell,FERRARI,61,38:58.7
San Marino,23-Apr-89,Ayrton Senna,MCLAREN HONDA,58,26:51.2
Monaco,07-May-89,Ayrton Senna,MCLAREN HONDA,77,53:33.3
Mexico,28-May-89,Ayrton Senna,MCLAREN HONDA,69,35:21.4
United States,04-Jun-89,Alain Prost,MCLAREN HONDA,75,01:33.1
Canada,18-Jun-89,Thierry Boutsen,WILLIAMS RENAULT,69,01:24.1
France,09-Jul-89,Alain Prost,MCLAREN HONDA,80,38:29.4
Great Britain,16-Jul-89,Alain Prost,MCLAREN HONDA,64,19:22.1
Germany,30-Jul-89,Ayrton Senna,MCLAREN HONDA,45,21:43.3
Hungary,13-Aug-89,Nigel Mansell,FERRARI,77,49:38.7
Belgium,27-Aug-89,Ayrton Senna,MCLAREN HONDA,44,40:54.2
Italy,10-Sep-89,Alain Prost,MCLAREN HONDA,53,19:27.5
Portugal,24-Sep-89,Gerhard Berger,FERRARI,71,36:48.5
Spain,01-Oct-89,Ayrton Senna,MCLAREN HONDA,72,47:48.3
Japan,22-Oct-89,Alessandro Nannini,BENETTON FORD,53,35:06.3
Australia,05-Nov-89,Thierry Boutsen,WILLIAMS RENAULT,70,00:17.4
United States,11-Mar-90,Ayrton Senna,MCLAREN HONDA,72,52:32.8
Brazil,25-Mar-90,Alain Prost,FERRARI,71,37:21.3
San Marino,13-May-90,Riccardo Patrese,WILLIAMS RENAULT,61,30:55.5
Monaco,27-May-90,Ayrton Senna,MCLAREN HONDA,78,52:47.0
Canada,10-Jun-90,Ayrton Senna,MCLAREN HONDA,70,42:56.4
Mexico,24-Jun-90,Alain Prost,FERRARI,69,32:35.8
France,08-Jul-90,Alain Prost,FERRARI,80,33:29.6
Great Britain,15-Jul-90,Alain Prost,FERRARI,64,18:31.0
Germany,29-Jul-90,Ayrton Senna,MCLAREN HONDA,45,20:47.2
Hungary,12-Aug-90,Thierry Boutsen,WILLIAMS RENAULT,77,49:30.6
Belgium,26-Aug-90,Ayrton Senna,MCLAREN HONDA,44,26:32.0
Italy,09-Sep-90,Ayrton Senna,MCLAREN HONDA,53,17:57.9
Portugal,23-Sep-90,Nigel Mansell,FERRARI,61,22:11.0
Spain,30-Sep-90,Alain Prost,FERRARI,73,48:01.5
Japan,21-Oct-90,Nelson Piquet,BENETTON FORD,53,34:36.8
Australia,04-Nov-90,Nelson Piquet,BENETTON FORD,81,49:44.6
United States,10-Mar-91,Ayrton Senna,MCLAREN HONDA,81,00:47.8
Brazil,24-Mar-91,Ayrton Senna,MCLAREN HONDA,71,38:28.1
San Marino,28-Apr-91,Ayrton Senna,MCLAREN HONDA,61,35:14.8
Monaco,12-May-91,Ayrton Senna,MCLAREN HONDA,78,53:02.3
Canada,02-Jun-91,Nelson Piquet,BENETTON FORD,69,38:51.5
Mexico,16-Jun-91,Riccardo Patrese,WILLIAMS RENAULT,67,29:52.2
France,07-Jul-91,Nigel Mansell,WILLIAMS RENAULT,72,38:00.1
Great Britain,14-Jul-91,Nigel Mansell,WILLIAMS RENAULT,59,27:35.5
Germany,28-Jul-91,Nigel Mansell,WILLIAMS RENAULT,45,19:29.7
Hungary,11-Aug-91,Ayrton Senna,MCLAREN HONDA,77,49:12.8
Belgium,25-Aug-91,Ayrton Senna,MCLAREN HONDA,44,27:17.7
Italy,08-Sep-91,Nigel Mansell,WILLIAMS RENAULT,53,17:54.3
Portugal,22-Sep-91,Riccardo Patrese,WILLIAMS RENAULT,71,35:42.3
Spain,29-Sep-91,Nigel Mansell,WILLIAMS RENAULT,65,38:41.5
Japan,20-Oct-91,Gerhard Berger,MCLAREN HONDA,53,32:10.7
Australia,03-Nov-91,Ayrton Senna,MCLAREN HONDA,14,24:34.9
South Africa,01-Mar-92,Nigel Mansell,WILLIAMS RENAULT,72,36:45.3
Mexico,22-Mar-92,Nigel Mansell,WILLIAMS RENAULT,69,31:53.6
Brazil,05-Apr-92,Nigel Mansell,WILLIAMS RENAULT,71,36:51.9
Spain,03-May-92,Nigel Mansell,WILLIAMS RENAULT,65,56:10.7
San Marino,17-May-92,Nigel Mansell,WILLIAMS RENAULT,60,28:40.9
Monaco,31-May-92,Ayrton Senna,MCLAREN HONDA,78,50:59.4
Canada,14-Jun-92,Gerhard Berger,MCLAREN HONDA,69,37:08.3
France,05-Jul-92,Nigel Mansell,WILLIAMS RENAULT,69,38:08.5
Great Britain,12-Jul-92,Nigel Mansell,WILLIAMS RENAULT,59,25:43.0
Germany,26-Jul-92,Nigel Mansell,WILLIAMS RENAULT,45,18:22.0
Hungary,16-Aug-92,Ayrton Senna,MCLAREN HONDA,77,46:19.2
Belgium,30-Aug-92,Michael Schumacher,BENETTON FORD,44,36:10.7
Italy,13-Sep-92,Ayrton Senna,MCLAREN HONDA,53,18:15.3
Portugal,27-Sep-92,Nigel Mansell,WILLIAMS RENAULT,71,34:46.7
Japan,25-Oct-92,Riccardo Patrese,WILLIAMS RENAULT,53,33:09.6
Australia,08-Nov-92,Gerhard Berger,MCLAREN HONDA,82,46:54.8
South Africa,14-Mar-93,Alain Prost,WILLIAMS RENAULT,72,38:45.1
Brazil,28-Mar-93,Ayrton Senna,MCLAREN FORD,71,51:15.5
Europe,11-Apr-93,Ayrton Senna,MCLAREN FORD,76,50:46.6
San Marino,25-Apr-93,Alain Prost,WILLIAMS RENAULT,61,33:20.4
Spain,09-May-93,Alain Prost,WILLIAMS RENAULT,65,32:27.7
Monaco,23-May-93,Ayrton Senna,MCLAREN FORD,78,52:10.9
Canada,13-Jun-93,Alain Prost,WILLIAMS RENAULT,69,36:41.8
France,04-Jul-93,Alain Prost,WILLIAMS RENAULT,72,38:35.2
Great Britain,11-Jul-93,Alain Prost,WILLIAMS RENAULT,59,25:38.2
Germany,25-Jul-93,Alain Prost,WILLIAMS RENAULT,45,18:40.9
Hungary,15-Aug-93,Damon Hill,WILLIAMS RENAULT,77,47:39.1
Belgium,29-Aug-93,Damon Hill,WILLIAMS RENAULT,44,24:32.1
Italy,12-Sep-93,Damon Hill,WILLIAMS RENAULT,53,17:07.5
Portugal,26-Sep-93,Michael Schumacher,BENETTON FORD,71,32:46.3
Japan,24-Oct-93,Ayrton Senna,MCLAREN FORD,53,40:27.9
Australia,07-Nov-93,Ayrton Senna,MCLAREN FORD,79,43:27.5
Brazil,27-Mar-94,Michael Schumacher,BENETTON FORD,71,35:38.8
Pacific,17-Apr-94,Michael Schumacher,BENETTON FORD,83,46:01.7
San Marino,01-May-94,Michael Schumacher,BENETTON FORD,58,28:28.6
Monaco,15-May-94,Michael Schumacher,BENETTON FORD,78,49:55.4
Spain,29-May-94,Damon Hill,WILLIAMS RENAULT,65,36:14.4
Canada,12-Jun-94,Michael Schumacher,BENETTON FORD,69,44:31.9
France,03-Jul-94,Michael Schumacher,BENETTON FORD,72,38:35.7
Great Britain,10-Jul-94,Damon Hill,WILLIAMS RENAULT,60,30:03.6
Germany,31-Jul-94,Gerhard Berger,FERRARI,45,22:37.3
Hungary,14-Aug-94,Michael Schumacher,BENETTON FORD,77,48:00.2
Belgium,28-Aug-94,Damon Hill,WILLIAMS RENAULT,44,28:47.2
Italy,11-Sep-94,Damon Hill,WILLIAMS RENAULT,53,18:02.8
Portugal,25-Sep-94,Damon Hill,WILLIAMS RENAULT,71,41:10.2
Europe,16-Oct-94,Michael Schumacher,BENETTON FORD,69,40:26.7
Japan,06-Nov-94,Damon Hill,WILLIAMS RENAULT,50,55:53.5
Australia,13-Nov-94,Nigel Mansell,WILLIAMS RENAULT,81,47:51.5
Brazil,26-Mar-95,Michael Schumacher,BENETTON RENAULT,71,38:34.2
Argentina,09-Apr-95,Damon Hill,WILLIAMS RENAULT,71,51:39.5
San Marino,30-Apr-95,Damon Hill,WILLIAMS RENAULT,63,41:42.6
Spain,14-May-95,Michael Schumacher,BENETTON RENAULT,65,34:20.5
Monaco,28-May-95,Michael Schumacher,BENETTON RENAULT,78,53:11.3
Canada,11-Jun-95,Jean Alesi,FERRARI,69,46:31.3
France,02-Jul-95,Michael Schumacher,BENETTON RENAULT,72,38:28.4
Great Britain,16-Jul-95,Johnny Herbert,BENETTON RENAULT,61,34:35.1
Germany,30-Jul-95,Michael Schumacher,BENETTON RENAULT,45,22:56.0
Hungary,13-Aug-95,Damon Hill,WILLIAMS RENAULT,77,46:25.7
Belgium,27-Aug-95,Michael Schumacher,BENETTON RENAULT,44,36:47.9
Italy,10-Sep-95,Johnny Herbert,BENETTON RENAULT,53,18:27.9
Portugal,24-Sep-95,David Coulthard,WILLIAMS RENAULT,71,41:52.1
Europe,01-Oct-95,Michael Schumacher,BENETTON RENAULT,67,39:59.0
Pacific,22-Oct-95,Michael Schumacher,BENETTON RENAULT,83,48:50.0
Japan,29-Oct-95,Michael Schumacher,BENETTON RENAULT,53,36:52.9
Australia,12-Nov-95,Damon Hill,WILLIAMS RENAULT,81,49:15.9
Australia,10-Mar-96,Damon Hill,WILLIAMS RENAULT,58,32:50.5
Brazil,31-Mar-96,Damon Hill,WILLIAMS RENAULT,71,49:53.0
Argentina,07-Apr-96,Damon Hill,WILLIAMS RENAULT,72,54:55.3
Europe,28-Apr-96,Jacques Villeneuve,WILLIAMS RENAULT,67,33:26.5
San Marino,05-May-96,Damon Hill,WILLIAMS RENAULT,63,35:26.2
Monaco,19-May-96,Olivier Panis,LIGIER MUGEN HONDA,75,00:45.6
Spain,02-Jun-96,Michael Schumacher,FERRARI,65,59:49.3
Canada,16-Jun-96,Damon Hill,WILLIAMS RENAULT,69,36:03.5
France,30-Jun-96,Damon Hill,WILLIAMS RENAULT,72,36:28.8
Great Britain,14-Jul-96,Jacques Villeneuve,WILLIAMS RENAULT,61,33:00.9
Germany,28-Jul-96,Damon Hill,WILLIAMS RENAULT,45,21:43.4
Hungary,11-Aug-96,Jacques Villeneuve,WILLIAMS RENAULT,77,46:21.1
Belgium,25-Aug-96,Michael Schumacher,FERRARI,44,28:15.1
Italy,08-Sep-96,Michael Schumacher,FERRARI,53,17:43.6
Portugal,22-Sep-96,Jacques Villeneuve,WILLIAMS RENAULT,70,40:22.9
Japan,13-Oct-96,Damon Hill,WILLIAMS RENAULT,52,32:33.8
Australia,09-Mar-97,David Coulthard,MCLAREN MERCEDES,58,30:28.7
Brazil,30-Mar-97,Jacques Villeneuve,WILLIAMS RENAULT,72,36:07.0
Argentina,13-Apr-97,Jacques Villeneuve,WILLIAMS RENAULT,72,52:01.7
San Marino,27-Apr-97,Heinz-Harald Frentzen,WILLIAMS RENAULT,62,31:00.7
Monaco,11-May-97,Michael Schumacher,FERRARI,62,00:05.7
Spain,25-May-97,Jacques Villeneuve,WILLIAMS RENAULT,64,30:35.9
Canada,15-Jun-97,Michael Schumacher,FERRARI,54,17:40.6
France,29-Jun-97,Michael Schumacher,FERRARI,72,38:50.5
Great Britain,13-Jul-97,Jacques Villeneuve,WILLIAMS RENAULT,59,28:01.7
Germany,27-Jul-97,Gerhard Berger,BENETTON RENAULT,45,20:59.0
Hungary,10-Aug-97,Jacques Villeneuve,WILLIAMS RENAULT,77,45:47.1
Belgium,24-Aug-97,Michael Schumacher,FERRARI,44,33:46.7
Italy,07-Sep-97,David Coulthard,MCLAREN MERCEDES,53,17:04.6
Austria,21-Sep-97,Jacques Villeneuve,WILLIAMS RENAULT,71,27:36.0
Luxembourg,28-Sep-97,Jacques Villeneuve,WILLIAMS RENAULT,67,31:27.8
Japan,12-Oct-97,Michael Schumacher,FERRARI,53,29:48.4
Europe,26-Oct-97,Mika Hakkinen,MCLAREN MERCEDES,69,38:57.8
Australia,08-Mar-98,Mika Hakkinen,MCLAREN MERCEDES,58,31:46.0
Brazil,29-Mar-98,Mika Hakkinen,MCLAREN MERCEDES,72,37:11.7
Argentina,12-Apr-98,Michael Schumacher,FERRARI,72,48:36.2
San Marino,26-Apr-98,David Coulthard,MCLAREN MERCEDES,62,34:24.6
Spain,10-May-98,Mika Hakkinen,MCLAREN MERCEDES,65,33:37.6
Monaco,24-May-98,Mika Hakkinen,MCLAREN MERCEDES,78,51:23.6
Canada,07-Jun-98,Michael Schumacher,FERRARI,69,40:57.4
France,28-Jun-98,Michael Schumacher,FERRARI,71,34:45.0
Great Britain,12-Jul-98,Michael Schumacher,FERRARI,60,47:02.5
Austria,26-Jul-98,Mika Hakkinen,MCLAREN MERCEDES,71,30:44.1
Germany,02-Aug-98,Mika Hakkinen,MCLAREN MERCEDES,45,20:48.0
Hungary,16-Aug-98,Michael Schumacher,FERRARI,77,45:25.5
Belgium,30-Aug-98,Damon Hill,JORDAN MUGEN HONDA,44,43:47.4
Italy,13-Sep-98,Michael Schumacher,FERRARI,53,17:09.7
Luxembourg,27-Sep-98,Mika Hakkinen,MCLAREN MERCEDES,67,32:14.8
Japan,01-Nov-98,Mika Hakkinen,MCLAREN MERCEDES,51,27:22.5
Australia,07-Mar-99,Eddie Irvine,FERRARI,57,35:01.7
Brazil,11-Apr-99,Mika Hakkinen,MCLAREN MERCEDES,72,36:03.8
San Marino,02-May-99,Michael Schumacher,FERRARI,62,33:44.8
Monaco,16-May-99,Michael Schumacher,FERRARI,78,49:31.8
Spain,30-May-99,Mika Hakkinen,MCLAREN MERCEDES,65,34:13.7
Canada,13-Jun-99,Mika Hakkinen,MCLAREN MERCEDES,69,41:35.7
France,27-Jun-99,Heinz-Harald Frentzen,JORDAN MUGEN HONDA,72,58:24.3
Great Britain,11-Jul-99,David Coulthard,MCLAREN MERCEDES,60,32:30.1
Austria,25-Jul-99,Eddie Irvine,FERRARI,71,28:12.4
Germany,01-Aug-99,Eddie Irvine,FERRARI,45,21:58.6
Hungary,15-Aug-99,Mika Hakkinen,MCLAREN MERCEDES,77,46:23.5
Belgium,29-Aug-99,David Coulthard,MCLAREN MERCEDES,44,25:43.1
Italy,12-Sep-99,Heinz-Harald Frentzen,JORDAN MUGEN HONDA,53,17:02.9
Europe,26-Sep-99,Johnny Herbert,STEWART FORD,66,41:54.3
Malaysia,17-Oct-99,Eddie Irvine,FERRARI,56,36:38.5
Japan,31-Oct-99,Mika Hakkinen,MCLAREN MERCEDES,53,31:18.8
Australia,12-Mar-00,Michael Schumacher,FERRARI,58,34:02.0
Brazil,26-Mar-00,Michael Schumacher,FERRARI,71,31:35.3
San Marino,09-Apr-00,Michael Schumacher,FERRARI,62,31:39.8
Great Britain,23-Apr-00,David Coulthard,MCLAREN MERCEDES,60,28:50.1
Spain,07-May-00,Mika Hakkinen,MCLAREN MERCEDES,65,33:55.4
Europe,21-May-00,Michael Schumacher,FERRARI,67,42:00.3
Monaco,04-Jun-00,David Coulthard,MCLAREN MERCEDES,78,49:28.2
Canada,18-Jun-00,Michael Schumacher,FERRARI,69,41:12.3
France,02-Jul-00,David Coulthard,MCLAREN MERCEDES,72,38:05.5
Austria,16-Jul-00,Mika Hakkinen,MCLAREN MERCEDES,71,28:15.8
Germany,30-Jul-00,Rubens Barrichello,FERRARI,45,25:34.4
Hungary,13-Aug-00,Mika Hakkinen,MCLAREN MERCEDES,77,45:33.9
Belgium,27-Aug-00,Mika Hakkinen,MCLAREN MERCEDES,44,28:14.5
Italy,10-Sep-00,Michael Schumacher,FERRARI,53,27:31.6
United States,24-Sep-00,Michael Schumacher,FERRARI,73,36:30.9
Japan,08-Oct-00,Michael Schumacher,FERRARI,53,29:53.4
Malaysia,22-Oct-00,Michael Schumacher,FERRARI,56,35:54.2
Australia,04-Mar-01,Michael Schumacher,FERRARI,58,38:26.5
Malaysia,18-Mar-01,Michael Schumacher,FERRARI,55,47:34.8
Brazil,01-Apr-01,David Coulthard,MCLAREN MERCEDES,71,39:00.8
San Marino,15-Apr-01,Ralf Schumacher,WILLIAMS BMW,62,30:44.8
Spain,29-Apr-01,Michael Schumacher,FERRARI,65,31:03.3
Austria,13-May-01,David Coulthard,MCLAREN MERCEDES,71,27:45.9
Monaco,27-May-01,Michael Schumacher,FERRARI,78,47:22.6
Canada,10-Jun-01,Ralf Schumacher,WILLIAMS BMW,69,34:31.5
Europe,24-Jun-01,Michael Schumacher,FERRARI,67,29:42.7
France,01-Jul-01,Michael Schumacher,FERRARI,72,33:35.6
Great Britain,15-Jul-01,Mika Hakkinen,MCLAREN MERCEDES,60,25:33.8
Germany,29-Jul-01,Ralf Schumacher,WILLIAMS BMW,45,18:17.9
Hungary,19-Aug-01,Michael Schumacher,FERRARI,77,41:49.7
Belgium,02-Sep-01,Michael Schumacher,FERRARI,36,08:05.0
Italy,16-Sep-01,Juan Pablo Montoya,WILLIAMS BMW,53,16:58.5
United States,30-Sep-01,Mika Hakkinen,MCLAREN MERCEDES,73,32:42.8
Japan,14-Oct-01,Michael Schumacher,FERRARI,53,27:33.3
Australia,03-Mar-02,Michael Schumacher,FERRARI,58,35:36.8
Malaysia,17-Mar-02,Ralf Schumacher,WILLIAMS BMW,56,34:12.9
Brazil,31-Mar-02,Michael Schumacher,FERRARI,71,31:43.7
San Marino,14-Apr-02,Michael Schumacher,FERRARI,62,29:10.8
Spain,28-Apr-02,Michael Schumacher,FERRARI,65,30:30.0
Austria,12-May-02,Michael Schumacher,FERRARI,71,33:51.6
Monaco,26-May-02,David Coulthard,MCLAREN MERCEDES,78,45:39.1
Canada,09-Jun-02,Michael Schumacher,FERRARI,70,33:36.1
Europe,23-Jun-02,Rubens Barrichello,FERRARI,60,35:07.4
Great Britain,07-Jul-02,Michael Schumacher,FERRARI,60,31:45.0
France,21-Jul-02,Michael Schumacher,FERRARI,72,32:09.8
Germany,28-Jul-02,Michael Schumacher,FERRARI,67,27:52.1
Hungary,18-Aug-02,Rubens Barrichello,FERRARI,77,41:49.0
Belgium,01-Sep-02,Michael Schumacher,FERRARI,44,21:20.6
Italy,15-Sep-02,Rubens Barrichello,FERRARI,53,16:20.0
United States,29-Sep-02,Rubens Barrichello,FERRARI,73,31:07.9
Japan,13-Oct-02,Michael Schumacher,FERRARI,53,26:59.7
Australia,09-Mar-03,David Coulthard,MCLAREN MERCEDES,58,34:42.1
Malaysia,23-Mar-03,Kimi Raikkonen ,MCLAREN MERCEDES,56,32:22.2
Brazil,06-Apr-03,Giancarlo Fisichella,JORDAN FORD,54,31:17.7
San Marino,20-Apr-03,Michael Schumacher,FERRARI,62,28:12.1
Spain,04-May-03,Michael Schumacher,FERRARI,65,33:46.9
Austria,18-May-03,Michael Schumacher,FERRARI,69,24:04.9
Monaco,01-Jun-03,Juan Pablo Montoya,WILLIAMS BMW,78,42:19.0
Canada,15-Jun-03,Michael Schumacher,FERRARI,70,31:13.6
Europe,29-Jun-03,Ralf Schumacher,WILLIAMS BMW,60,34:43.6
France,06-Jul-03,Ralf Schumacher,WILLIAMS BMW,70,30:49.2
Great Britain,20-Jul-03,Rubens Barrichello,FERRARI,60,28:37.6
Germany,03-Aug-03,Juan Pablo Montoya,WILLIAMS BMW,67,28:48.8
Hungary,24-Aug-03,Fernando Alonso,RENAULT,70,39:01.5
Italy,14-Sep-03,Michael Schumacher,FERRARI,53,14:19.8
United States,28-Sep-03,Michael Schumacher,FERRARI,73,33:36.0
Japan,12-Oct-03,Rubens Barrichello,FERRARI,53,25:11.7
Australia,07-Mar-04,Michael Schumacher,FERRARI,58,24:15.8
Malaysia,21-Mar-04,Michael Schumacher,FERRARI,56,31:07.5
Bahrain,04-Apr-04,Michael Schumacher,FERRARI,57,28:34.9
San Marino,25-Apr-04,Michael Schumacher,FERRARI,62,26:19.7
Spain,09-May-04,Michael Schumacher,FERRARI,66,27:32.8
Monaco,23-May-04,Jarno Trulli,RENAULT,77,45:46.6
Europe,30-May-04,Michael Schumacher,FERRARI,60,32:35.1
Canada,13-Jun-04,Michael Schumacher,FERRARI,70,28:24.8
United States,20-Jun-04,Michael Schumacher,FERRARI,73,40:29.9
France,04-Jul-04,Michael Schumacher,FERRARI,70,30:18.1
Great Britain,11-Jul-04,Michael Schumacher,FERRARI,60,24:42.7
Germany,25-Jul-04,Michael Schumacher,FERRARI,66,23:54.8
Hungary,15-Aug-04,Michael Schumacher,FERRARI,70,35:26.1
Belgium,29-Aug-04,Kimi Raikkonen ,MCLAREN MERCEDES,44,32:35.3
Italy,12-Sep-04,Rubens Barrichello,FERRARI,53,15:18.4
China,26-Sep-04,Rubens Barrichello,FERRARI,56,29:12.4
Japan,10-Oct-04,Michael Schumacher,FERRARI,53,24:27.0
Brazil,24-Oct-04,Juan Pablo Montoya,WILLIAMS BMW,71,28:01.5
Australia,06-Mar-05,Giancarlo Fisichella,RENAULT,57,24:17.3
Malaysia,20-Mar-05,Fernando Alonso,RENAULT,56,31:33.7
Bahrain,03-Apr-05,Fernando Alonso,RENAULT,57,29:18.5
San Marino,24-Apr-05,Fernando Alonso,RENAULT,62,27:41.9
Spain,08-May-05,Kimi Raikkonen ,MCLAREN MERCEDES,66,27:16.8
Monaco,22-May-05,Kimi Raikkonen ,MCLAREN MERCEDES,78,45:15.6
Europe,29-May-05,Fernando Alonso,RENAULT,59,31:46.6
Canada,12-Jun-05,Kimi Raikkonen ,MCLAREN MERCEDES,70,32:09.3
United States,19-Jun-05,Michael Schumacher,FERRARI,73,29:43.2
France,03-Jul-05,Fernando Alonso,RENAULT,70,31:22.2
Great Britain,10-Jul-05,Juan Pablo Montoya,MCLAREN MERCEDES,60,24:29.6
Germany,24-Jul-05,Fernando Alonso,RENAULT,67,26:28.6
Hungary,31-Jul-05,Kimi Raikkonen ,MCLAREN MERCEDES,70,37:25.6
Turkey,21-Aug-05,Kimi Raikkonen ,MCLAREN MERCEDES,58,24:34.5
Italy,04-Sep-05,Juan Pablo Montoya,MCLAREN MERCEDES,53,14:28.7
Belgium,11-Sep-05,Kimi Raikkonen ,MCLAREN MERCEDES,44,30:01.3
Brazil,25-Sep-05,Juan Pablo Montoya,MCLAREN MERCEDES,71,29:20.6
Japan,09-Oct-05,Kimi Raikkonen ,MCLAREN MERCEDES,53,29:02.2
China,16-Oct-05,Fernando Alonso,RENAULT,56,39:53.6
Bahrain,12-Mar-06,Fernando Alonso,RENAULT,57,29:46.2
Malaysia,19-Mar-06,Giancarlo Fisichella,RENAULT,56,30:40.5
Australia,02-Apr-06,Fernando Alonso,RENAULT,57,34:27.9
San Marino,23-Apr-06,Michael Schumacher,FERRARI,62,31:06.5
Europe,07-May-06,Michael Schumacher,FERRARI,60,35:58.8
Spain,14-May-06,Fernando Alonso,RENAULT,66,26:21.8
Monaco,28-May-06,Fernando Alonso,RENAULT,78,43:43.1
Great Britain,11-Jun-06,Fernando Alonso,RENAULT,60,25:51.9
Canada,25-Jun-06,Fernando Alonso,RENAULT,70,34:37.3
United States,02-Jul-06,Michael Schumacher,FERRARI,73,34:35.2
France,16-Jul-06,Michael Schumacher,FERRARI,70,32:07.8
Germany,30-Jul-06,Michael Schumacher,FERRARI,67,27:51.7
Hungary,06-Aug-06,Jenson Button,HONDA,70,52:20.9
Turkey,27-Aug-06,Felipe Massa,FERRARI,58,28:51.1
Italy,10-Sep-06,Michael Schumacher,FERRARI,53,14:52.0
China,01-Oct-06,Michael Schumacher,FERRARI,56,37:32.7
Japan,08-Oct-06,Fernando Alonso,RENAULT,53,23:53.4
Brazil,22-Oct-06,Felipe Massa,FERRARI,71,31:53.8
Australia,18-Mar-07,Kimi Raikkonen ,FERRARI,58,25:28.8
Malaysia,08-Apr-07,Fernando Alonso,MCLAREN MERCEDES,56,32:14.9
Bahrain,15-Apr-07,Felipe Massa,FERRARI,57,33:27.5
Spain,13-May-07,Felipe Massa,FERRARI,65,31:36.2
Monaco,27-May-07,Fernando Alonso,MCLAREN MERCEDES,78,40:29.3
Canada,10-Jun-07,Lewis Hamilton,MCLAREN MERCEDES,70,44:11.3
United States,17-Jun-07,Lewis Hamilton,MCLAREN MERCEDES,73,31:10.0
France,01-Jul-07,Kimi Raikkonen ,FERRARI,70,30:54.2
Great Britain,08-Jul-07,Kimi Raikkonen ,FERRARI,59,21:43.1
Europe,22-Jul-07,Fernando Alonso,MCLAREN MERCEDES,60,06:26.4
Hungary,05-Aug-07,Lewis Hamilton,MCLAREN MERCEDES,70,35:53.0
Turkey,26-Aug-07,Felipe Massa,FERRARI,58,26:42.2
Italy,09-Sep-07,Fernando Alonso,MCLAREN MERCEDES,53,18:37.8
Belgium,16-Sep-07,Kimi Raikkonen ,FERRARI,44,20:39.1
Japan,30-Sep-07,Lewis Hamilton,MCLAREN MERCEDES,67,00:34.6
China,07-Oct-07,Kimi Raikkonen ,FERRARI,56,37:58.4
Brazil,21-Oct-07,Kimi Raikkonen ,FERRARI,71,28:15.3
Australia,16-Mar-08,Lewis Hamilton,MCLAREN MERCEDES,58,34:50.6
Malaysia,23-Mar-08,Kimi Raikkonen ,FERRARI,56,31:18.6
Bahrain,06-Apr-08,Felipe Massa,FERRARI,57,31:07.0
Spain,27-Apr-08,Kimi Raikkonen ,FERRARI,66,38:19.1
Turkey,11-May-08,Felipe Massa,FERRARI,58,26:49.5
Monaco,25-May-08,Lewis Hamilton,MCLAREN MERCEDES,76,00:42.7
Canada,08-Jun-08,Robert Kubica,SAUBER BMW,70,36:24.4
France,22-Jun-08,Felipe Massa,FERRARI,70,31:50.2
Great Britain,06-Jul-08,Lewis Hamilton,MCLAREN MERCEDES,60,39:09.4
Germany,20-Jul-08,Lewis Hamilton,MCLAREN MERCEDES,67,31:20.9
Hungary,03-Aug-08,Heikki Kovalainen,MCLAREN MERCEDES,70,37:27.1
Europe,24-Aug-08,Felipe Massa,FERRARI,57,35:32.3
Belgium,07-Sep-08,Felipe Massa,FERRARI,44,22:59.4
Italy,14-Sep-08,Sebastian Vettel,STR FERRARI,53,26:47.5
Singapore,28-Sep-08,Fernando Alonso,RENAULT,61,57:16.3
Japan,12-Oct-08,Fernando Alonso,RENAULT,67,30:21.9
China,19-Oct-08,Lewis Hamilton,MCLAREN MERCEDES,56,31:57.4
Brazil,02-Nov-08,Felipe Massa,FERRARI,71,34:11.4
Australia,29-Mar-09,Jenson Button,BRAWN MERCEDES,58,34:15.8
Malaysia,05-Apr-09,Jenson Button,BRAWN MERCEDES,31,55:30.6
China,19-Apr-09,Sebastian Vettel,RBR RENAULT,56,57:43.5
Bahrain,26-Apr-09,Jenson Button,BRAWN MERCEDES,57,31:48.2
Spain,10-May-09,Jenson Button,BRAWN MERCEDES,66,37:19.2
Monaco,24-May-09,Jenson Button,BRAWN MERCEDES,78,40:44.3
Turkey,07-Jun-09,Jenson Button,BRAWN MERCEDES,58,26:24.8
Great Britain,21-Jun-09,Sebastian Vettel,RBR RENAULT,60,22:49.3
Germany,12-Jul-09,Mark Webber,RBR RENAULT,60,36:43.3
Hungary,26-Jul-09,Lewis Hamilton,MCLAREN MERCEDES,70,38:23.9
Europe,23-Aug-09,Rubens Barrichello,BRAWN MERCEDES,57,35:51.3
Belgium,30-Aug-09,Kimi Raikkonen ,FERRARI,44,23:51.0
Italy,13-Sep-09,Rubens Barrichello,BRAWN MERCEDES,53,16:21.7
Singapore,27-Sep-09,Lewis Hamilton,MCLAREN MERCEDES,61,56:06.3
Japan,04-Oct-09,Sebastian Vettel,RBR RENAULT,53,28:20.4
Brazil,18-Oct-09,Mark Webber,RBR RENAULT,71,32:23.1
Abu Dhabi,01-Nov-09,Sebastian Vettel,RBR RENAULT,55,34:03.4
Bahrain,14-Mar-10,Fernando Alonso,FERRARI,49,39:20.4
Australia,28-Mar-10,Jenson Button,MCLAREN MERCEDES,58,33:36.5
Malaysia,04-Apr-10,Sebastian Vettel,RBR RENAULT,56,33:48.4
China,18-Apr-10,Jenson Button,MCLAREN MERCEDES,56,46:42.2
Spain,09-May-10,Mark Webber,RBR RENAULT,66,35:44.1
Monaco,16-May-10,Mark Webber,RBR RENAULT,78,50:13.4
Turkey,30-May-10,Lewis Hamilton,MCLAREN MERCEDES,58,28:47.6
Canada,13-Jun-10,Lewis Hamilton,MCLAREN MERCEDES,70,33:53.5
Europe,27-Jun-10,Sebastian Vettel,RBR RENAULT,57,40:29.6
Great Britain,11-Jul-10,Mark Webber,RBR RENAULT,52,24:38.2
Germany,25-Jul-10,Fernando Alonso,FERRARI,67,27:38.9
Hungary,01-Aug-10,Mark Webber,RBR RENAULT,70,41:05.6
Belgium,29-Aug-10,Lewis Hamilton,MCLAREN MERCEDES,44,29:04.3
Italy,12-Sep-10,Fernando Alonso,FERRARI,53,16:24.6
Singapore,26-Sep-10,Fernando Alonso,FERRARI,61,57:53.6
Japan,10-Oct-10,Sebastian Vettel,RBR RENAULT,53,30:27.3
South Korea,24-Oct-10,Fernando Alonso,FERRARI,55,48:20.8
Brazil,07-Nov-10,Sebastian Vettel,RBR RENAULT,71,33:11.8
Abu Dhabi,14-Nov-10,Sebastian Vettel,RBR RENAULT,55,39:36.8
Australia,27-Mar-11,Sebastian Vettel,RED BULL RACING RENAULT,58,29:30.3
Malaysia,10-Apr-11,Sebastian Vettel,RED BULL RACING RENAULT,56,37:39.8
China,17-Apr-11,Lewis Hamilton,MCLAREN MERCEDES,56,36:58.2
Turkey,08-May-11,Sebastian Vettel,RED BULL RACING RENAULT,58,30:17.6
Spain,22-May-11,Sebastian Vettel,RED BULL RACING RENAULT,66,39:03.3
Monaco,29-May-11,Sebastian Vettel,RED BULL RACING RENAULT,78,09:38.4
Canada,12-Jun-11,Jenson Button,MCLAREN MERCEDES,70,04:39.5
Europe,26-Jun-11,Sebastian Vettel,RED BULL RACING RENAULT,57,39:36.2
Great Britain,10-Jul-11,Fernando Alonso,FERRARI,52,28:41.2
Germany,24-Jul-11,Lewis Hamilton,MCLAREN MERCEDES,60,37:30.3
Hungary,31-Jul-11,Jenson Button,MCLAREN MERCEDES,70,46:42.3
Belgium,28-Aug-11,Sebastian Vettel,RED BULL RACING RENAULT,44,26:44.9
Italy,11-Sep-11,Sebastian Vettel,RED BULL RACING RENAULT,53,20:46.2
Singapore,25-Sep-11,Sebastian Vettel,RED BULL RACING RENAULT,61,59:06.8
Japan,09-Oct-11,Jenson Button,MCLAREN MERCEDES,53,30:53.4
South Korea,16-Oct-11,Sebastian Vettel,RED BULL RACING RENAULT,55,38:02.0
India,30-Oct-11,Sebastian Vettel,RED BULL RACING RENAULT,60,30:35.0
Abu Dhabi,13-Nov-11,Lewis Hamilton,MCLAREN MERCEDES,55,37:11.9
Brazil,27-Nov-11,Mark Webber,RED BULL RACING RENAULT,71,32:17.5
Australia,18-Mar-12,Jenson Button,MCLAREN MERCEDES,58,34:09.6
Malaysia,25-Mar-12,Fernando Alonso,FERRARI,56,44:51.8
China,15-Apr-12,Nico Rosberg,MERCEDES,56,36:26.9
Bahrain,22-Apr-12,Sebastian Vettel,RED BULL RACING RENAULT,57,35:11.0
Spain,13-May-12,Pastor Maldonado,WILLIAMS RENAULT,66,39:09.1
Monaco,27-May-12,Mark Webber,RED BULL RACING RENAULT,78,46:06.6
Canada,10-Jun-12,Lewis Hamilton,MCLAREN MERCEDES,70,32:29.6
Europe,24-Jun-12,Fernando Alonso,FERRARI,57,44:16.6
Great Britain,08-Jul-12,Mark Webber,RED BULL RACING RENAULT,52,25:11.3
Germany,22-Jul-12,Fernando Alonso,FERRARI,67,31:05.9
Hungary,29-Jul-12,Lewis Hamilton,MCLAREN MERCEDES,69,41:05.5
Belgium,02-Sep-12,Jenson Button,MCLAREN MERCEDES,44,29:08.5
Italy,09-Sep-12,Lewis Hamilton,MCLAREN MERCEDES,53,19:41.2
Singapore,23-Sep-12,Sebastian Vettel,RED BULL RACING RENAULT,59,00:26.1
Japan,07-Oct-12,Sebastian Vettel,RED BULL RACING RENAULT,53,28:56.2
South Korea,14-Oct-12,Sebastian Vettel,RED BULL RACING RENAULT,55,36:28.7
India,28-Oct-12,Sebastian Vettel,RED BULL RACING RENAULT,60,31:10.7
Abu Dhabi,04-Nov-12,Kimi Raikkonen ,LOTUS RENAULT,55,45:58.7
United States,18-Nov-12,Lewis Hamilton,MCLAREN MERCEDES,56,35:55.3
Brazil,25-Nov-12,Jenson Button,MCLAREN MERCEDES,71,45:22.7
Australia,17-Mar-13,Kimi Raikkonen ,LOTUS RENAULT,58,30:03.2
Malaysia,24-Mar-13,Sebastian Vettel,RED BULL RACING RENAULT,56,38:56.7
China,14-Apr-13,Fernando Alonso,FERRARI,56,36:26.9
Bahrain,21-Apr-13,Sebastian Vettel,RED BULL RACING RENAULT,57,36:00.5
Spain,12-May-13,Fernando Alonso,FERRARI,66,39:16.6
Monaco,26-May-13,Nico Rosberg,MERCEDES,78,17:52.1
Canada,09-Jun-13,Sebastian Vettel,RED BULL RACING RENAULT,70,32:09.1
Great Britain,30-Jun-13,Nico Rosberg,MERCEDES,52,32:59.5
Germany,07-Jul-13,Sebastian Vettel,RED BULL RACING RENAULT,60,41:14.7
Hungary,28-Jul-13,Lewis Hamilton,MERCEDES,70,42:29.4
Belgium,25-Aug-13,Sebastian Vettel,RED BULL RACING RENAULT,44,23:42.2
Italy,08-Sep-13,Sebastian Vettel,RED BULL RACING RENAULT,53,18:33.4
Singapore,22-Sep-13,Sebastian Vettel,RED BULL RACING RENAULT,61,59:13.1
South Korea,06-Oct-13,Sebastian Vettel,RED BULL RACING RENAULT,55,43:13.7
Japan,13-Oct-13,Sebastian Vettel,RED BULL RACING RENAULT,53,26:49.3
India,27-Oct-13,Sebastian Vettel,RED BULL RACING RENAULT,60,31:12.2
Abu Dhabi,03-Nov-13,Sebastian Vettel,RED BULL RACING RENAULT,55,38:06.1
United States,17-Nov-13,Sebastian Vettel,RED BULL RACING RENAULT,56,39:17.1
Brazil,24-Nov-13,Sebastian Vettel,RED BULL RACING RENAULT,71,32:36.3
Australia,16-Mar-14,Nico Rosberg,MERCEDES,57,32:58.7
Malaysia,30-Mar-14,Lewis Hamilton,MERCEDES,56,40:26.0
Bahrain,06-Apr-14,Lewis Hamilton,MERCEDES,57,39:42.7
China,20-Apr-14,Lewis Hamilton,MERCEDES,54,33:28.3
Spain,11-May-14,Lewis Hamilton,MERCEDES,66,41:05.2
Monaco,25-May-14,Nico Rosberg,MERCEDES,78,49:27.7
Canada,08-Jun-14,Daniel Ricciardo,RED BULL RACING RENAULT,70,39:12.8
Austria,22-Jun-14,Nico Rosberg,MERCEDES,71,27:55.0
Great Britain,06-Jul-14,Lewis Hamilton,MERCEDES,52,26:52.1
Germany,20-Jul-14,Nico Rosberg,MERCEDES,67,33:42.9
Hungary,27-Jul-14,Daniel Ricciardo,RED BULL RACING RENAULT,70,53:05.1
Belgium,24-Aug-14,Daniel Ricciardo,RED BULL RACING RENAULT,44,24:36.6
Italy,07-Sep-14,Lewis Hamilton,MERCEDES,53,19:10.2
Singapore,21-Sep-14,Lewis Hamilton,MERCEDES,60,00:04.8
Japan,05-Oct-14,Lewis Hamilton,MERCEDES,44,51:43.0
Russia,21-Oct-14,Lewis Hamilton,MERCEDES,53,31:50.7
United States,02-Nov-14,Lewis Hamilton,MERCEDES,56,40:04.8
Brazil,09-Nov-14,Nico Rosberg,MERCEDES,71,30:02.6
Abu Dhabi,23-Nov-14,Lewis Hamilton,MERCEDES,55,39:02.6
Australia,15-Mar-15,Lewis Hamilton,MERCEDES,58,31:54.1
Malaysia,29-Mar-15,Sebastian Vettel,FERRARI,56,41:05.8
China,12-Apr-15,Lewis Hamilton,MERCEDES,56,39:42.0
Bahrain,19-Apr-15,Lewis Hamilton,MERCEDES,57,35:05.8
Spain,10-May-15,Nico Rosberg,MERCEDES,66,41:12.6
Monaco,24-May-15,Nico Rosberg,MERCEDES,78,49:18.4
Canada,07-Jun-15,Lewis Hamilton,MERCEDES,70,31:53.1
Austria,21-Jun-15,Nico Rosberg,MERCEDES,71,30:16.9
Great Britain,05-Jul-15,Lewis Hamilton,MERCEDES,52,31:27.7
Hungary,26-Jul-15,Sebastian Vettel,FERRARI,69,46:10.0
Belgium,23-Aug-15,Lewis Hamilton,MERCEDES,43,23:40.4
Italy,06-Sep-15,Lewis Hamilton,MERCEDES,53,18:00.7
Singapore,20-Sep-15,Sebastian Vettel,FERRARI,61,01:22.1
Japan,27-Sep-15,Lewis Hamilton,MERCEDES,53,28:06.5
Russia,11-Oct-15,Lewis Hamilton,MERCEDES,53,37:11.0
United States,25-Oct-15,Lewis Hamilton,MERCEDES,56,50:52.7
Mexico,01-Nov-15,Nico Rosberg,MERCEDES,71,42:35.0
Brazil,15-Nov-15,Nico Rosberg,MERCEDES,71,31:09.1
Abu Dhabi,29-Nov-15,Nico Rosberg,MERCEDES,55,38:30.2
Australia,20-Mar-16,Nico Rosberg,MERCEDES,57,48:15.6
Bahrain,03-Apr-16,Nico Rosberg,MERCEDES,57,33:34.7
China,17-Apr-16,Nico Rosberg,MERCEDES,56,38:53.9
Russia,01-May-16,Nico Rosberg,MERCEDES,53,32:42.0
Spain,15-May-16,Max Verstappen,RED BULL RACING TAG HEUER,66,41:40.0
Monaco,29-May-16,Lewis Hamilton,MERCEDES,78,59:29.1
Canada,12-Jun-16,Lewis Hamilton,MERCEDES,70,31:05.3
Europe,19-Jun-16,Nico Rosberg,MERCEDES,51,32:52.4
Austria,03-Jul-16,Lewis Hamilton,MERCEDES,71,27:38.1
Great Britain,10-Jul-16,Lewis Hamilton,MERCEDES,52,34:55.8
Hungary,24-Jul-16,Lewis Hamilton,MERCEDES,70,40:30.1
Germany,31-Jul-16,Lewis Hamilton,MERCEDES,67,30:44.2
Belgium,28-Aug-16,Nico Rosberg,MERCEDES,44,44:51.1
Italy,04-Sep-16,Nico Rosberg,MERCEDES,53,17:28.1
Singapore,18-Sep-16,Nico Rosberg,MERCEDES,61,55:49.0
Malaysia,02-Oct-16,Daniel Ricciardo,RED BULL RACING TAG HEUER,56,37:12.8
Japan,09-Oct-16,Nico Rosberg,MERCEDES,53,26:43.3
United States,23-Oct-16,Lewis Hamilton,MERCEDES,56,38:12.6
Mexico,30-Oct-16,Lewis Hamilton,MERCEDES,71,40:31.4
Brazil,13-Nov-16,Lewis Hamilton,MERCEDES,71,01:01.3
Abu Dhabi,27-Nov-16,Lewis Hamilton,MERCEDES,55,38:04.0
Australia,26-Mar-17,Sebastian Vettel,FERRARI,57,24:11.7
China,09-Apr-17,Lewis Hamilton,MERCEDES,56,37:36.2
Bahrain,16-Apr-17,Sebastian Vettel,FERRARI,57,33:53.4
Russia,30-Apr-17,Valtteri Bottas,MERCEDES,52,28:08.7
Spain,14-May-17,Lewis Hamilton,MERCEDES,66,35:56.5
Monaco,28-May-17,Sebastian Vettel,FERRARI,78,44:44.3
Canada,11-Jun-17,Lewis Hamilton,MERCEDES,70,33:05.2
Azerbaijan,25-Jun-17,Daniel Ricciardo,RED BULL RACING TAG HEUER,51,03:55.6
Austria,09-Jul-17,Valtteri Bottas,MERCEDES,71,21:48.5
Great Britain,16-Jul-17,Lewis Hamilton,MERCEDES,51,21:27.4
Hungary,30-Jul-17,Sebastian Vettel,FERRARI,70,39:46.7
Belgium,27-Aug-17,Lewis Hamilton,MERCEDES,44,24:42.8
Italy,03-Sep-17,Lewis Hamilton,MERCEDES,53,15:32.3
Singapore,17-Sep-17,Lewis Hamilton,MERCEDES,58,03:23.5
Malaysia,01-Oct-17,Max Verstappen,RED BULL RACING TAG HEUER,56,30:01.3
Japan,08-Oct-17,Lewis Hamilton,MERCEDES,53,27:31.2
United States,22-Oct-17,Lewis Hamilton,MERCEDES,56,33:51.0
Mexico,29-Oct-17,Max Verstappen,RED BULL RACING TAG HEUER,71,36:26.6
Brazil,12-Nov-17,Sebastian Vettel,FERRARI,71,31:26.3
Abu Dhabi,26-Nov-17,Valtteri Bottas,MERCEDES,55,34:14.1
Australia,25-Mar-18,Sebastian Vettel,FERRARI,58,29:33.3
Bahrain,08-Apr-18,Sebastian Vettel,FERRARI,57,32:01.9
China,15-Apr-18,Daniel Ricciardo,RED BULL RACING TAG HEUER,56,35:36.4
Azerbaijan,29-Apr-18,Lewis Hamilton,MERCEDES,51,43:44.3
Spain,13-May-18,Lewis Hamilton,MERCEDES,66,35:30.0
Monaco,27-May-18,Daniel Ricciardo,RED BULL RACING TAG HEUER,78,42:54.8
Canada,10-Jun-18,Sebastian Vettel,FERRARI,68,28:31.4
France,24-Jun-18,Lewis Hamilton,MERCEDES,53,30:11.4
Austria,01-Jul-18,Max Verstappen,RED BULL RACING TAG HEUER,71,21:56.0
Great Britain,08-Jul-18,Sebastian Vettel,FERRARI,52,27:29.8
Germany,22-Jul-18,Lewis Hamilton,MERCEDES,67,32:29.8
Hungary,29-Jul-18,Lewis Hamilton,MERCEDES,70,37:16.4
Belgium,26-Aug-18,Sebastian Vettel,FERRARI,44,23:34.5
Italy,02-Sep-18,Lewis Hamilton,MERCEDES,53,16:54.5
Singapore,16-Sep-18,Lewis Hamilton,MERCEDES,61,51:11.6
Russia,30-Sep-18,Lewis Hamilton,MERCEDES,53,27:25.2
Japan,07-Oct-18,Lewis Hamilton,MERCEDES,53,27:17.1
United States,21-Oct-18,Kimi Raikkonen ,FERRARI,56,34:18.6
Mexico,28-Oct-18,Max Verstappen,RED BULL RACING TAG HEUER,71,38:28.9
Brazil,11-Nov-18,Lewis Hamilton,MERCEDES,71,27:09.1
Abu Dhabi,25-Nov-18,Lewis Hamilton,MERCEDES,55,39:40.4
Australia,17-Mar-19,Valtteri Bottas,MERCEDES,58,25:27.3
Bahrain,31-Mar-19,Lewis Hamilton,MERCEDES,57,34:21.3
China,14-Apr-19,Lewis Hamilton,MERCEDES,56,32:06.4
Azerbaijan,28-Apr-19,Valtteri Bottas,MERCEDES,51,31:52.9
Spain,12-May-19,Lewis Hamilton,MERCEDES,66,35:50.4
Monaco,26-May-19,Lewis Hamilton,MERCEDES,78,43:28.4
Canada,09-Jun-19,Lewis Hamilton,MERCEDES,70,29:07.1
France,23-Jun-19,Lewis Hamilton,MERCEDES,53,24:31.2
Austria,30-Jun-19,Max Verstappen,RED BULL RACING HONDA,71,22:01.8
Great Britain,14-Jul-19,Lewis Hamilton,MERCEDES,52,21:08.5
Germany,28-Jul-19,Max Verstappen,RED BULL RACING HONDA,64,44:31.3
Hungary,04-Aug-19,Lewis Hamilton,MERCEDES,70,35:03.8
Belgium,01-Sep-19,Charles Leclerc,FERRARI,44,23:45.7
Italy,08-Sep-19,Charles Leclerc,FERRARI,53,15:26.7
Singapore,22-Sep-19,Sebastian Vettel,FERRARI,61,58:33.7
Russia,29-Sep-19,Lewis Hamilton,MERCEDES,53,33:39.0
Japan,13-Oct-19,Valtteri Bottas,MERCEDES,52,21:46.8
Mexico,27-Oct-19,Lewis Hamilton,MERCEDES,71,36:48.9
United States,03-Nov-19,Valtteri Bottas,MERCEDES,56,33:55.7
Brazil,17-Nov-19,Max Verstappen,RED BULL RACING HONDA,71,33:14.7
Abu Dhabi,01-Dec-19,Lewis Hamilton,MERCEDES,55,34:05.7
Austria,05-Jul-20,Valtteri Bottas,MERCEDES,71,30:55.7
Styria,12-Jul-20,Lewis Hamilton,MERCEDES,71,22:50.7
Hungary,19-Jul-20,Lewis Hamilton,MERCEDES,70,36:12.5
Great Britain,02-Aug-20,Lewis Hamilton,MERCEDES,52,28:01.3
70th Anniversary,09-Aug-20,Max Verstappen,RED BULL RACING HONDA,52,19:42.0
Spain,16-Aug-20,Lewis Hamilton,MERCEDES,66,31:45.3
Belgium,30-Aug-20,Lewis Hamilton,MERCEDES,44,24:08.8
Italy,06-Sep-20,Pierre Gasly,ALPHATAURI HONDA,53,47:06.1
Tuscany,13-Sep-20,Lewis Hamilton,MERCEDES,59,19:35.1
Russia,27-Sep-20,Valtteri Bottas,MERCEDES,53,34:00.4
Eifel,11-Oct-20,Lewis Hamilton,MERCEDES,60,35:49.6
Portugal,25-Oct-20,Lewis Hamilton,MERCEDES,66,29:56.8
Emilia Romagna,01-Nov-20,Lewis Hamilton,MERCEDES,63,28:32.4
Turkey,15-Nov-20,Lewis Hamilton,MERCEDES,58,42:19.3
Bahrain,29-Nov-20,Lewis Hamilton,MERCEDES,57,59:47.5
Sakhir,06-Dec-20,Sergio Perez,RACING POINT BWT MERCEDES,87,31:15.1
Abu Dhabi,13-Dec-20,Max Verstappen,RED BULL RACING HONDA,55,36:28.6
